{
  "users": [
    {
      "id": "1",
      "name": "Alex",
      "surname": "Gray",
      "email": "alex@gmail.com",
      "password": "12345678",
      "isAdmin": false,
      "phone": "0442654378",
      "city": "Somewhere",
      "company": "GitH"
    },
    {
      "id": "5f1c",
      "name": "Artem",
      "surname": "Chechel",
      "phone": "0502661699",
      "email": "artem@gmail.com",
      "isAdmin": true,
      "city": "Odesa",
      "company": "AnyCompany",
      "password": "12345678"
    },
    {
      "name": "Sergey",
      "phone": "0679465787",
      "email": "sergey@gmail.com",
      "city": "Kiyv",
      "company": "KiyvBud",
      "password": "qwerty",
      "id": "lCkU6uh",
      "surname": "Panamar"
    },
    {
      "id": "23",
      "name": "Igor",
      "surname": "Grib",
      "email": "igor@gmail.com",
      "phone": "0678765432",
      "password": "qwertyuiop",
      "isAdmin": false,
      "company": "Comppany",
      "city": "Lviv"
    }
  ],
  "orders": [
    {
      "userId": "1",
      "products": [
        {
          "name": "Beauty will save the world",
          "description": "Set 16 pcs. Flavors: Strawberry - Basil, Coconut, Blue Cheese, Parmesan",
          "price": 60,
          "discount": 0,
          "image": "/images/Popular2.png"
        },
        {
          "name": "Round set",
          "description": "40 macaroons in a round box with a personal inscription",
          "price": 240,
          "discount": 0,
          "image": "/images/Popular3.png"
        }
      ],
      "date": "05.04.2023",
      "totalPrice": "300",
      "id": "35af"
    },
    {
      "userId": "1",
      "products": [
        {
          "name": "Beauty will save the world",
          "description": "Set 16 pcs. Flavors: Strawberry - Basil, Coconut, Blue Cheese, Parmesan",
          "price": 60,
          "discount": 0,
          "image": "/images/Popular2.png"
        }
      ],
      "date": "25.04.2023",
      "totalPrice": "60",
      "id": "35af"
    },
    {
      "id": "pw4nf3",
      "userId": "1",
      "products": [
        {
          "name": "Heart",
          "description": "24 pieces in a heart-shaped box. Assorted 6 flavors",
          "price": 200,
          "discount": 0,
          "image": "/images/Popular1.png"
        }
      ],
      "date": "29.02.2024",
      "totalPrice": 0
    },
    {
      "id": "human4",
      "userId": "5f1c",
      "products": [
        {
          "name": "Heart",
          "description": "24 pieces in a heart-shaped box. Assorted 6 flavors",
          "price": 200,
          "discount": 0,
          "image": "/images/Popular1.png"
        }
      ],
      "date": "29.02.2024",
      "totalPrice": 200
    },
    {
      "id": "f5t6gu",
      "userId": "1",
      "products": [
        {
          "name": "Heart",
          "description": "24 pieces in a heart-shaped box. Assorted 6 flavors",
          "price": 200,
          "discount": 0,
          "image": "/images/Popular1.png"
        }
      ],
      "date": "29.02.2024",
      "totalPrice": 200
    },
    {
      "id": "w5rnmi",
      "userId": "lCkU6uh",
      "products": [
        {
          "name": "Heart",
          "description": "24 pieces in a heart-shaped box. Assorted 6 flavors",
          "price": 200,
          "discount": 0,
          "image": "/images/Popular1.png"
        }
      ],
      "date": "29.02.2024",
      "totalPrice": 600
    },
    {
      "id": "61yvy",
      "userId": "1",
      "products": [
        {
          "name": "Heart",
          "description": "24 pieces in a heart-shaped box. Assorted 6 flavors",
          "price": 200,
          "discount": 0,
          "image": "/images/Popular1.png"
        }
      ],
      "date": "29.02.2024",
      "totalPrice": 420
    },
    {
      "id": "yc7xna",
      "userId": "1",
      "products": [
        {
          "name": "Heart",
          "description": "24 pieces in a heart-shaped box. Assorted 6 flavors",
          "price": 200,
          "discount": 0,
          "image": "/images/Popular1.png"
        }
      ],
      "date": "29.02.2024",
      "totalPrice": 1020
    },
    {
      "id": "9pdsk",
      "userId": "5f1c",
      "products": [
        {
          "name": "Heart",
          "description": "24 pieces in a heart-shaped box. Assorted 6 flavors",
          "price": 200,
          "discount": 0,
          "image": "/images/Popular1.png"
        }
      ],
      "date": "29.02.2024",
      "totalPrice": 20
    },
    {
      "id": "4dasz",
      "userId": "lCkU6uh",
      "products": [
        {
          "name": "Heart",
          "description": "24 pieces in a heart-shaped box. Assorted 6 flavors",
          "price": 200,
          "discount": 0,
          "image": "/images/Popular1.png"
        }
      ],
      "date": "29.02.2024",
      "totalPrice": 1020
    },
    {
      "id": "fclacl",
      "userId": "1",
      "products": [
        {
          "name": "Heart",
          "description": "24 pieces in a heart-shaped box. Assorted 6 flavors",
          "price": 200,
          "discount": 0,
          "image": "/images/Popular1.png"
        }
      ],
      "date": "29.02.2024",
      "totalPrice": 820
    },
    {
      "id": "wc3jwg",
      "userId": "5f1c",
      "products": [
        {
          "name": "Heart",
          "description": "24 pieces in a heart-shaped box. Assorted 6 flavors",
          "price": 200,
          "discount": 0,
          "image": "/images/Popular1.png"
        }
      ],
      "date": "29.02.2024",
      "totalPrice": 220
    },
    {
      "id": "lu2rtnq",
      "userId": "lCkU6uh",
      "products": [
        {
          "name": "Heart",
          "description": "24 pieces in a heart-shaped box. Assorted 6 flavors",
          "price": 200,
          "discount": 0,
          "image": "/images/Popular1.png"
        }
      ],
      "date": "29.02.2024",
      "totalPrice": 220
    },
    {
      "id": "uvihu",
      "userId": "5f1c",
      "products": [
        {
          "name": "Heart",
          "description": "24 pieces in a heart-shaped box. Assorted 6 flavors",
          "price": 200,
          "discount": 0,
          "image": "/images/Popular1.png"
        }
      ],
      "date": "29.02.2024",
      "totalPrice": 220
    },
    {
      "id": "srapn",
      "userId": "1",
      "products": [
        {
          "name": "Heart",
          "description": "24 pieces in a heart-shaped box. Assorted 6 flavors",
          "price": 200,
          "discount": 0,
          "image": "/images/Popular1.png"
        }
      ],
      "date": "29.02.2024",
      "totalPrice": 420
    },
    {
      "id": "otpc1",
      "userId": "1",
      "products": [
        {
          "name": "Heart",
          "description": "24 pieces in a heart-shaped box. Assorted 6 flavors",
          "price": 200,
          "discount": 0,
          "image": "/images/Popular1.png"
        }
      ],
      "date": "29.02.2024",
      "totalPrice": 620
    },
    {
      "id": "6ubwpe",
      "userId": "5f1c",
      "products": [
        {
          "name": "Heart",
          "description": "24 pieces in a heart-shaped box. Assorted 6 flavors",
          "price": 200,
          "discount": 0,
          "image": "/images/Popular1.png"
        }
      ],
      "date": "29.02.2024",
      "totalPrice": 420
    },
    {
      "id": "6hprh",
      "userId": "1",
      "products": [
        {
          "name": "Heart",
          "description": "24 pieces in a heart-shaped box. Assorted 6 flavors",
          "price": 200,
          "discount": 0,
          "image": "/images/Popular1.png"
        }
      ],
      "date": "29.02.2024",
      "totalPrice": 220
    },
    {
      "id": "wi50h",
      "userId": "lCkU6uh",
      "products": [
        {
          "name": "Heart",
          "description": "24 pieces in a heart-shaped box. Assorted 6 flavors",
          "price": 200,
          "discount": 0,
          "image": "/images/Popular1.png"
        }
      ],
      "date": "29.02.2024",
      "totalPrice": 600
    },
    {
      "id": "ho0p3",
      "userId": "23",
      "products": [
        {
          "name": "Heart",
          "description": "24 pieces in a heart-shaped box. Assorted 6 flavors",
          "price": 200,
          "discount": 0,
          "image": "/images/Popular1.png"
        }
      ],
      "date": "29.02.2024",
      "totalPrice": 800
    },
    {
      "id": "6fr5pt",
      "userId": "1",
      "products": [
        {
          "name": "Heart",
          "description": "24 pieces in a heart-shaped box. Assorted 6 flavors",
          "price": 200,
          "discount": 0,
          "image": "/images/Popular1.png"
        }
      ],
      "date": "29.02.2024",
      "totalPrice": 600
    },
    {
      "id": "6hi3ca",
      "userId": "1",
      "products": [
        {
          "name": "Heart",
          "description": "24 pieces in a heart-shaped box. Assorted 6 flavors",
          "price": 200,
          "discount": 0,
          "image": "/images/Popular1.png"
        }
      ],
      "date": "29.02.2024",
      "totalPrice": 600
    },
    {
      "id": "lvkwr",
      "userId": "lCkU6uh",
      "products": [
        {
          "name": "Heart",
          "description": "24 pieces in a heart-shaped box. Assorted 6 flavors",
          "price": 200,
          "discount": 0,
          "image": "/images/Popular1.png"
        }
      ],
      "date": "29.02.2024",
      "totalPrice": 800
    },
    {
      "id": "np6ucs",
      "userId": "1",
      "products": [
        {
          "name": "Heart",
          "description": "24 pieces in a heart-shaped box. Assorted 6 flavors",
          "price": 200,
          "discount": 0,
          "image": "/images/Popular1.png"
        }
      ],
      "date": "29.02.2024",
      "totalPrice": 1220
    },
    {
      "id": "qxq8kq",
      "userId": "1",
      "products": [
        {
          "name": "Heart",
          "description": "24 pieces in a heart-shaped box. Assorted 6 flavors",
          "price": 200,
          "discount": 0,
          "image": "/images/Popular1.png"
        }
      ],
      "date": "29.02.2024",
      "totalPrice": 1220
    },
    {
      "id": "l3zghruh",
      "userId": "23",
      "products": [
        {
          "name": "Heart",
          "description": "24 pieces in a heart-shaped box. Assorted 6 flavors",
          "price": 200,
          "discount": 0,
          "image": "/images/Popular1.png"
        }
      ],
      "date": "29.02.2024",
      "totalPrice": 800
    },
    {
      "id": "75jdwg",
      "userId": "1",
      "products": [
        {
          "name": "Heart",
          "description": "24 pieces in a heart-shaped box. Assorted 6 flavors",
          "price": 200,
          "discount": 0,
          "image": "/images/Popular1.png"
        }
      ],
      "date": "29.02.2024",
      "totalPrice": 420
    },
    {
      "id": "50lq6y",
      "userId": "lCkU6uh",
      "products": [
        {
          "name": "Heart",
          "description": "24 pieces in a heart-shaped box. Assorted 6 flavors",
          "price": 200,
          "discount": 0,
          "image": "/images/Popular1.png"
        }
      ],
      "date": "29.02.2024",
      "totalPrice": 200
    },
    {
      "id": "9onoq2",
      "userId": "1",
      "products": [
        {
          "name": "Heart",
          "description": "24 pieces in a heart-shaped box. Assorted 6 flavors",
          "price": 200,
          "discount": 0,
          "image": "/images/Popular1.png"
        }
      ],
      "date": "29.02.2024",
      "totalPrice": 220
    },
    {
      "id": "ur7u9s",
      "userId": "1",
      "products": [
        {
          "name": "Heart",
          "description": "24 pieces in a heart-shaped box. Assorted 6 flavors",
          "price": 200,
          "discount": 0,
          "image": "/images/Popular1.png"
        }
      ],
      "date": "29.02.2024",
      "totalPrice": 620
    },
    {
      "id": "8cdp1b",
      "userId": "1",
      "products": [
        {
          "name": "Heart",
          "description": "24 pieces in a heart-shaped box. Assorted 6 flavors",
          "price": 200,
          "discount": 0,
          "image": "/images/Popular1.png"
        }
      ],
      "date": "29.02.2024",
      "totalPrice": 400
    },
    {
      "id": "wx8d7b",
      "userId": "1",
      "products": [
        {
          "name": "Heart",
          "description": "24 pieces in a heart-shaped box. Assorted 6 flavors",
          "price": 200,
          "discount": 0,
          "image": "/images/Popular1.png"
        }
      ],
      "date": "29.02.2024",
      "totalPrice": 420
    },
    {
      "id": "19tjkj",
      "userId": "5f1c",
      "products": [
        {
          "name": "Heart",
          "description": "24 pieces in a heart-shaped box. Assorted 6 flavors",
          "price": 200,
          "discount": 0,
          "image": "/images/Popular1.png"
        }
      ],
      "date": "29.02.2024",
      "totalPrice": 0
    },
    {
      "id": "8qw1g",
      "userId": "1",
      "products": [
        {
          "name": "Heart",
          "description": "24 pieces in a heart-shaped box. Assorted 6 flavors",
          "price": 200,
          "discount": 0,
          "image": "/images/Popular1.png"
        }
      ],
      "date": "29.02.2024",
      "totalPrice": 0
    },
    {
      "userId": "1",
      "products": [
        {
          "name": "Beauty will save the world",
          "description": "Set 16 pcs. Flavors: Strawberry - Basil, Coconut, Blue Cheese, Parmesan",
          "price": 60,
          "discount": 0,
          "image": "/images/Popular2.png"
        },
        {
          "name": "Round set",
          "description": "40 macaroons in a round box with a personal inscription",
          "price": 240,
          "discount": 0,
          "image": "/images/Popular3.png"
        }
      ],
      "date": "05.04.2023",
      "totalPrice": "300",
      "id": "35af"
    },
    {
      "userId": "1",
      "products": [
        {
          "name": "Beauty will save the world",
          "description": "Set 16 pcs. Flavors: Strawberry - Basil, Coconut, Blue Cheese, Parmesan",
          "price": 60,
          "discount": 0,
          "image": "/images/Popular2.png"
        }
      ],
      "date": "25.04.2023",
      "totalPrice": "60",
      "id": "35af"
    },
    {
      "id": "ycx9al",
      "userId": "1",
      "products": [
        {
          "name": "Heart",
          "description": "24 pieces in a heart-shaped box. Assorted 6 flavors",
          "price": 200,
          "discount": 0,
          "image": "/images/Popular1.png"
        },
        {
          "name": "Heart",
          "description": "24 pieces in a heart-shaped box. Assorted 6 flavors",
          "price": 200,
          "discount": 0,
          "image": "/images/Popular1.png"
        },
        {
          "name": "Round set",
          "description": "40 macaroons in a round box with a personal inscription",
          "price": 240,
          "discount": 0,
          "image": "/images/Popular3.png"
        },
        {
          "name": "Round set",
          "description": "40 macaroons in a round box with a personal inscription",
          "price": 240,
          "discount": 0,
          "image": "/images/Popular3.png"
        },
        {
          "name": "Round set",
          "description": "40 macaroons in a round box with a personal inscription",
          "price": 240,
          "discount": 0,
          "image": "/images/Popular3.png"
        },
        {
          "name": "Round set",
          "description": "40 macaroons in a round box with a personal inscription",
          "price": 240,
          "discount": 0,
          "image": "/images/Popular3.png"
        },
        {
          "name": "Set for 16",
          "description": "Set 16 pcs. Flavors: salted caramel, blue cheese, parmesan, chocolate",
          "price": 110,
          "discount": 0,
          "image": "/images/Popular5.png"
        },
        {
          "name": "Set for 16",
          "description": "Set 16 pcs. Flavors: salted caramel, blue cheese, parmesan, chocolate",
          "price": 110,
          "discount": 0,
          "image": "/images/Popular5.png"
        },
        {
          "name": "Heart",
          "description": "24 pieces in a heart-shaped box. Assorted 6 flavors",
          "price": 200,
          "discount": 0,
          "image": "/images/Popular1.png"
        },
        {
          "name": "Heart",
          "description": "24 pieces in a heart-shaped box. Assorted 6 flavors",
          "price": 200,
          "discount": 0,
          "image": "/images/Popular1.png"
        },
        {
          "name": "Heart",
          "description": "24 pieces in a heart-shaped box. Assorted 6 flavors",
          "price": 200,
          "discount": 0,
          "image": "/images/Popular1.png"
        },
        {
          "name": "Heart",
          "description": "24 pieces in a heart-shaped box. Assorted 6 flavors",
          "price": 200,
          "discount": 0,
          "image": "/images/Popular1.png"
        },
        {
          "name": "Heart",
          "description": "24 pieces in a heart-shaped box. Assorted 6 flavors",
          "price": 200,
          "discount": 0,
          "image": "/images/Popular1.png"
        },
        {
          "name": "Beauty will save the world",
          "description": "Set 16 pcs. Flavors: Strawberry - Basil, Coconut, Blue Cheese, Parmesan",
          "price": 60,
          "discount": 0,
          "image": "/images/Popular2.png"
        },
        {
          "name": "Heart",
          "description": "24 pieces in a heart-shaped box. Assorted 6 flavors",
          "price": 200,
          "discount": 0,
          "image": "/images/Popular1.png"
        },
        {
          "name": "Round set",
          "description": "40 macaroons in a round box with a personal inscription",
          "price": 240,
          "discount": 0,
          "image": "/images/Popular3.png"
        },
        {
          "name": "Round set",
          "description": "40 macaroons in a round box with a personal inscription",
          "price": 240,
          "discount": 0,
          "image": "/images/Popular3.png"
        },
        {
          "name": "Beauty will save the world",
          "description": "Set 16 pcs. Flavors: Strawberry - Basil, Coconut, Blue Cheese, Parmesan",
          "price": 60,
          "discount": 0,
          "image": "/images/Popular2.png"
        },
        {
          "name": "Heart",
          "description": "24 pieces in a heart-shaped box. Assorted 6 flavors",
          "price": 200,
          "discount": 0,
          "image": "/images/Popular1.png"
        },
        {
          "name": "Beauty will save the world",
          "description": "Set 16 pcs. Flavors: Strawberry - Basil, Coconut, Blue Cheese, Parmesan",
          "price": 60,
          "discount": 0,
          "image": "/images/Popular2.png"
        },
        {
          "name": "Beauty will save the world",
          "description": "Set 16 pcs. Flavors: Strawberry - Basil, Coconut, Blue Cheese, Parmesan",
          "price": 60,
          "discount": 0,
          "image": "/images/Popular2.png"
        }
      ],
      "date": "01.03.2024",
      "totalPrice": 1080
    },
    {
      "id": "90fomp",
      "userId": "1",
      "products": [
        {
          "name": "Heart",
          "description": "24 pieces in a heart-shaped box. Assorted 6 flavors",
          "price": 200,
          "discount": 0,
          "image": "/images/Popular1.png"
        },
        {
          "name": "Heart",
          "description": "24 pieces in a heart-shaped box. Assorted 6 flavors",
          "price": 200,
          "discount": 0,
          "image": "/images/Popular1.png"
        },
        {
          "name": "Beauty will save the world",
          "description": "Set 16 pcs. Flavors: Strawberry - Basil, Coconut, Blue Cheese, Parmesan",
          "price": 60,
          "discount": 0,
          "image": "/images/Popular2.png"
        }
      ],
      "date": "03.03.2024",
      "totalPrice": 460
    }
  ],
  "products": [
    {
      "sets": [
        {
          "id": 1,
          "name": "Heart",
          "description": "24 pieces in a heart-shaped box. Assorted 6 flavors",
          "price": 200,
          "discount": 0,
          "image": "/images/Popular1.png",
          "details": [
            {
              "tastes": [
                {
                  "apple": "4 pcs",
                  "cherry": "10 pcs",
                  "coconut": "10 pcs"
                }
              ],
              "description": [
                {
                  "header": "Heart",
                  "text": "24 pieces in a heart-shaped box. Assorted 6 flavors"
                }
              ],
              "compound": [
                {
                  "header": "Calorie content",
                  "text": "439.70 kcal (1840 kJ) (21%)"
                }
              ],
              "conditions": [
                {
                  "header": "Conditions and shelf life",
                  "text": "We recommend storing macarons in the lower part of the refrigerator (temperature 1-7°C). The desired shelf life is seven days. We recommend taking them out of the refrigerator an hour or two before serving to get the full benefit of texture and taste"
                }
              ]
            }
          ]
        },
        {
          "id": 2,
          "name": "Beauty will save the world",
          "description": "Set 16 pcs. Flavors: Strawberry - Basil, Coconut, Blue Cheese, Parmesan",
          "price": 60,
          "discount": 0,
          "image": "/images/Popular2.png",
          "details": [
            {
              "tastes": [
                {
                  "strawberry-basil": "4 pcs",
                  "coconut": "4 pcs",
                  "blue-cheese": "4 pcs",
                  "parmezan": "4 pcs"
                }
              ],
              "description": [
                {
                  "header": "Set 16 pcs.",
                  "text": "Flavors: Strawberry - Basil, Coconut, Blue Cheese, Parmesan"
                }
              ],
              "compound": [
                {
                  "header": "Calorie content",
                  "text": "439.90 kcal (1860 kJ) (22%)"
                }
              ],
              "conditions": [
                {
                  "header": "Conditions and shelf life",
                  "text": "We recommend storing macarons in the lower part of the refrigerator (temperature 1-7°C). The desired shelf life is seven days. We recommend taking them out of the refrigerator an hour or two before serving to get the full benefit of texture and taste"
                }
              ]
            }
          ]
        },
        {
          "id": 3,
          "name": "Round set",
          "description": "40 macaroons in a round box with a personal inscription",
          "price": 240,
          "discount": 0,
          "image": "/images/Popular3.png",
          "details": [
            {
              "tastes": [
                {
                  "strawberry": "10 pcs",
                  "coconut": "10 pcs",
                  "banana": "10 pcs",
                  "apple": "10 pcs"
                }
              ],
              "description": [
                {
                  "header": "Round set",
                  "text": "40 macaroons in a round box with a personal inscription"
                }
              ],
              "compound": [
                {
                  "header": "Calorie content",
                  "text": "429.90 kcal (1660 kJ) (18%)"
                }
              ],
              "conditions": [
                {
                  "header": "Conditions and shelf life",
                  "text": "We recommend storing macarons in the lower part of the refrigerator (temperature 1-7°C). The desired shelf life is seven days. We recommend taking them out of the refrigerator an hour or two before serving to get the full benefit of texture and taste"
                }
              ]
            }
          ]
        },
        {
          "id": 4,
          "name": "Set of 9",
          "description": "Set of 9 pieces in a square box. Flavors: chocolate, pistachio, cherry",
          "price": 70,
          "discount": 0,
          "image": "/images/Popular4.png",
          "details": [
            {
              "tastes": [
                {
                  "chocolate": "3 pcs",
                  "pistachio": "3 pcs",
                  "cherry": "3 pcs"
                }
              ],
              "description": [
                {
                  "header": "Set for 9",
                  "text": "Set of 9 pieces in a square box. Flavors: chocolate, pistachio, cherry"
                }
              ],
              "compound": [
                {
                  "header": "Calorie content",
                  "text": "440.90 kcal (1960 kJ) (24%)"
                }
              ],
              "conditions": [
                {
                  "header": "Conditions and shelf life",
                  "text": "We recommend storing macarons in the lower part of the refrigerator (temperature 1-7°C). The desired shelf life is seven days. We recommend taking them out of the refrigerator an hour or two before serving to get the full benefit of texture and taste"
                }
              ]
            }
          ]
        },
        {
          "id": 5,
          "name": "Set for 16",
          "description": "Set 16 pcs. Flavors: salted caramel, blue cheese, parmesan, chocolate",
          "price": 110,
          "discount": 0,
          "image": "/images/Popular5.png",
          "details": [
            {
              "tastes": [
                {
                  "salted caramel": "4 pcs",
                  "blue cheese": "4 pcs",
                  "parmesan": "4 pcs",
                  "chocolate": "4 pcs"
                }
              ],
              "description": [
                {
                  "header": "Set for 16 ",
                  "text": "Flavors: salted caramel, blue cheese, parmesan, chocolate"
                }
              ],
              "compound": [
                {
                  "header": "Calorie content",
                  "text": "440.90 kcal (1960 kJ) (24%)"
                }
              ],
              "conditions": [
                {
                  "header": "Conditions and shelf life",
                  "text": "We recommend storing macarons in the lower part of the refrigerator (temperature 1-7°C). The desired shelf life is seven days. We recommend taking them out of the refrigerator an hour or two before serving to get the full benefit of texture and taste"
                }
              ]
            }
          ]
        },
        {
          "id": 6,
          "name": "Heart",
          "description": "24 pieces in a heart-shaped box. Assorted 6 flavors",
          "price": 200,
          "discount": 0,
          "image": "/images/Popular3.png",
          "details": [
            {
              "tastes": [
                {
                  "peach": "4 pcs",
                  "apple": "4 pcs",
                  "strawberry": "4 pcs",
                  "chocolate": "4 pcs",
                  "banana": "4 pcs",
                  "cherry": "4 pcs"
                }
              ],
              "description": [
                {
                  "header": "Heart",
                  "text": "24 pieces in a heart-shaped box. Assorted 6 flavors"
                }
              ],
              "compound": [
                {
                  "header": "Calorie content",
                  "text": "410.90 kcal (1360 kJ) (15%)"
                }
              ],
              "conditions": [
                {
                  "header": "Conditions and shelf life",
                  "text": "We recommend storing macarons in the lower part of the refrigerator (temperature 1-7°C). The desired shelf life is seven days. We recommend taking them out of the refrigerator an hour or two before serving to get the full benefit of texture and taste"
                }
              ]
            }
          ]
        }
      ],
      "sweets": [
        {
          "name": "1 macaron and 1 eclair",
          "description": "promo set",
          "price": 40,
          "discount": 10,
          "image": "/images/choice1.png",
          "details": [
            {
              "tastes": [
                {
                  "strawberry": "1 pcs",
                  "chocolate": "1 pcs"
                }
              ],
              "description": [
                {
                  "header": "Promo Set",
                  "text": "1 macaron and 1 eclair"
                }
              ],
              "compound": [
                {
                  "header": "Calorie content",
                  "text": "350.90 kcal (1170 kJ) (12%)"
                }
              ],
              "conditions": [
                {
                  "header": "Conditions and shelf life",
                  "text": "We recommend storing macarons in the lower part of the refrigerator (temperature 1-7°C). The desired shelf life is seven days. We recommend taking them out of the refrigerator an hour or two before serving to get the full benefit of texture and taste"
                }
              ]
            }
          ]
        },
        {
          "name": "A bit of everything",
          "description": "3 eclairs, 4 straws, 6 macarons. Flavors: Strawberry - Basil, Coconut, Blue Cheese, Parmesan",
          "price": 80,
          "discount": 0,
          "image": "/images/choice2.png",
          "details": [
            {
              "tastes": [
                {
                  "strawberry - basil": "4 pcs",
                  "coconut": "3 pcs",
                  "blue cheese": "3 pcs",
                  "parmesan": "3 pcs"
                }
              ],
              "description": [
                {
                  "header": "A bit of everything",
                  "text": "3 eclairs, 4 straws, 6 macarons. Flavors: Strawberry - Basil, Coconut, Blue Cheese, Parmesan"
                }
              ],
              "compound": [
                {
                  "header": "Calorie content",
                  "text": "470.90 kcal (1740 kJ) (17%)"
                }
              ],
              "conditions": [
                {
                  "header": "Conditions and shelf life",
                  "text": "We recommend storing macarons in the lower part of the refrigerator (temperature 1-7°C). The desired shelf life is seven days. We recommend taking them out of the refrigerator an hour or two before serving to get the full benefit of texture and taste"
                }
              ]
            }
          ]
        },
        {
          "name": "Even more",
          "description": "3 eclairs, 4 straws, 6 macarons. Flavors: Strawberry - Basil, Coconut, Blue Cheese, Parmesan",
          "price": 130,
          "discount": 0,
          "image": "/images/choice3.png",
          "details": [
            {
              "tastes": [
                {
                  "strawberry - basil": "4 pcs",
                  "coconut": "3 pcs",
                  "blue cheese": "3 pcs",
                  "parmesan": "3 pcs"
                }
              ],
              "description": [
                {
                  "header": "Even more",
                  "text": "3 eclairs, 4 straws, 6 macarons. Flavors: Strawberry - Basil, Coconut, Blue Cheese, Parmesan"
                }
              ],
              "compound": [
                {
                  "header": "Calorie content",
                  "text": "470.90 kcal (1740 kJ) (17%)"
                }
              ],
              "conditions": [
                {
                  "header": "Conditions and shelf life",
                  "text": "We recommend storing macarons in the lower part of the refrigerator (temperature 1-7°C). The desired shelf life is seven days. We recommend taking them out of the refrigerator an hour or two before serving to get the full benefit of texture and taste"
                }
              ]
            }
          ]
        },
        {
          "name": "Even more",
          "description": "3 eclairs, 4 straws, 6 macarons. Flavors: Strawberry - Basil, Coconut, Blue Cheese, Parmesan",
          "price": 130,
          "discount": 0,
          "image": "/images/choice4.png",
          "details": [
            {
              "tastes": [
                {
                  "strawberry - basil": "4 pcs",
                  "coconut": "3 pcs",
                  "blue cheese": "3 pcs",
                  "parmesan": "3 pcs"
                }
              ],
              "description": [
                {
                  "header": "Even more",
                  "text": "3 eclairs, 4 straws, 6 macarons. Flavors: Strawberry - Basil, Coconut, Blue Cheese, Parmesan"
                }
              ],
              "compound": [
                {
                  "header": "Calorie content",
                  "text": "470.90 kcal (1740 kJ) (17%)"
                }
              ],
              "conditions": [
                {
                  "header": "Conditions and shelf life",
                  "text": "We recommend storing macarons in the lower part of the refrigerator (temperature 1-7°C). The desired shelf life is seven days. We recommend taking them out of the refrigerator an hour or two before serving to get the full benefit of texture and taste"
                }
              ]
            }
          ]
        }
      ],
      "wedding": [
        {
          "id": 1,
          "name": "Set of 9 macarons",
          "description": "With a festive stamp and wishes for the newlyweds",
          "price": 200,
          "discount": 0,
          "image": "/images/weddingset1.png",
          "details": [
            {
              "tastes": [
                {
                  "lemon": "3 pcs",
                  "cherry": "3 pcs",
                  "strawberry": "3 pcs"
                }
              ],
              "description": [
                {
                  "header": "Set of 9 macarons",
                  "text": "With a festive stamp and wishes for the newlyweds"
                }
              ],
              "compound": [
                {
                  "header": "Calorie content",
                  "text": "480.90 kcal (1840 kJ) (19%)"
                }
              ],
              "conditions": [
                {
                  "header": "Conditions and shelf life",
                  "text": "We recommend storing macarons in the lower part of the refrigerator (temperature 1-7°C). The desired shelf life is seven days. We recommend taking them out of the refrigerator an hour or two before serving to get the full benefit of texture and taste"
                }
              ]
            }
          ]
        },
        {
          "id": 2,
          "name": "For guests",
          "description": "Gift set of 2 macarons with the seal of the bride and groom in transparent packaging",
          "price": 60,
          "discount": 0,
          "image": "/images/weddingset2.png",
          "details": [
            {
              "tastes": [
                {
                  "coconut": "2 pcs"
                }
              ],
              "description": [
                {
                  "header": "For guests",
                  "text": "Gift set of 2 macarons with the seal of the bride and groom in transparent packaging"
                }
              ],
              "compound": [
                {
                  "header": "Calorie content",
                  "text": "485.90 kcal (1940 kJ) (21%)"
                }
              ],
              "conditions": [
                {
                  "header": "Conditions and shelf life",
                  "text": "We recommend storing macarons in the lower part of the refrigerator (temperature 1-7°C). The desired shelf life is seven days. We recommend taking them out of the refrigerator an hour or two before serving to get the full benefit of texture and taste"
                }
              ]
            }
          ]
        },
        {
          "id": 3,
          "name": "Pyramid of macarons",
          "description": "A wonderful addition to the holiday table",
          "price": 1200,
          "discount": 0,
          "image": "/images/weddingset3.png",
          "details": [
            {
              "tastes": [
                {
                  "strawberry": "10 pcs",
                  "coconut": "10 pcs",
                  "banana": "10 pcs",
                  "apple": "10 pcs"
                }
              ],
              "description": [
                {
                  "header": "Pyramid of macarons",
                  "text": "A wonderful addition to the holiday table"
                }
              ],
              "compound": [
                {
                  "header": "Calorie content",
                  "text": "410.90 kcal (1040 kJ) (10%)"
                }
              ],
              "conditions": [
                {
                  "header": "Conditions and shelf life",
                  "text": "We recommend storing macarons in the lower part of the refrigerator (temperature 1-7°C). The desired shelf life is seven days. We recommend taking them out of the refrigerator an hour or two before serving to get the full benefit of texture and taste"
                }
              ]
            }
          ]
        },
        {
          "id": 4,
          "name": "Great Pyramid (10 floors)",
          "description": "For a wedding or banquet, 240 macarons of your choice",
          "price": 2400,
          "discount": 0,
          "image": "/images/weddingset4.png",
          "details": [
            {
              "tastes": [
                {
                  "chocolate": "24 pcs",
                  "pistachio": "24 pcs",
                  "strawberry": "24 pcs",
                  "coconut": "24 pcs",
                  "banana": "24 pcs",
                  "apple": "24 pcs",
                  "strawberry-basil": "24 pcs",
                  "blue-cheese": "24 pcs",
                  "parmezan": "24 pcs",
                  "cherry": "24 pcs"
                }
              ],
              "description": [
                {
                  "header": "Great Pyramid",
                  "text": "For a wedding or banquet, 240 macarons of your choice"
                }
              ],
              "compound": [
                {
                  "header": "Calorie content",
                  "text": "420.90 kcal (1140 kJ) (12%)"
                }
              ],
              "conditions": [
                {
                  "header": "Conditions and shelf life",
                  "text": "We recommend storing macarons in the lower part of the refrigerator (temperature 1-7°C). The desired shelf life is seven days. We recommend taking them out of the refrigerator an hour or two before serving to get the full benefit of texture and taste"
                }
              ]
            }
          ]
        },
        {
          "id": 5,
          "name": "Macarons with guests' names",
          "description": "A personalized macaron for your guests will not leave anyone indifferent!",
          "price": 120,
          "discount": 0,
          "image": "/images/weddingset5.png",
          "details": [
            {
              "tastes": [
                {
                  "salted caramel": "4 pcs",
                  "blue cheese": "4 pcs",
                  "parmesan": "4 pcs",
                  "chocolate": "4 pcs"
                }
              ],
              "description": [
                {
                  "header": "Macarons with guests' names",
                  "text": "A personalized macaron for your guests will not leave anyone indifferent!"
                }
              ],
              "compound": [
                {
                  "header": "Calorie content",
                  "text": "414.90 kcal (1230 kJ) (11%)"
                }
              ],
              "conditions": [
                {
                  "header": "Conditions and shelf life",
                  "text": "We recommend storing macarons in the lower part of the refrigerator (temperature 1-7°C). The desired shelf life is seven days. We recommend taking them out of the refrigerator an hour or two before serving to get the full benefit of texture and taste"
                }
              ]
            }
          ]
        },
        {
          "id": 6,
          "name": "Bachelorette party set",
          "description": "A cheeky set for a bachelorette party. 30 macaroons with different flavors and funny names",
          "price": 900,
          "discount": 0,
          "image": "/images/Popular3.png",
          "details": [
            {
              "tastes": [
                {
                  "peach": "10 pcs",
                  "strawberry": "10 pcs",
                  "cherry": "10 pcs"
                }
              ],
              "description": [
                {
                  "header": "Bachelorette party set",
                  "text": "A cheeky set for a bachelorette party. 30 macaroons with different flavors and funny names"
                }
              ],
              "compound": [
                {
                  "header": "Calorie content",
                  "text": "435.90 kcal (1560 kJ) (11%)"
                }
              ],
              "conditions": [
                {
                  "header": "Conditions and shelf life",
                  "text": "We recommend storing macarons in the lower part of the refrigerator (temperature 1-7°C). The desired shelf life is seven days. We recommend taking them out of the refrigerator an hour or two before serving to get the full benefit of texture and taste"
                }
              ]
            }
          ]
        }
      ],
      "id": "f80d"
    }
  ],
  "news": [
    {
      "date": "30.03.2023",
      "image": "/images/News5.png",
      "header": "Appetizing sets with NEW flavors",
      "text": "We are ready to present you a collection of new mind-blowing pasta flavors",
      "details": [
        {
          "secondHeader": "The NEW flavors is coming soon!",
          "fulltext": "Your NEW flavors is coming very soon. And we have already prepared a collection of macaroons with a signature design💖 The pies delight everyone, because they are not only beautiful, but also delicious! We cook with love using only natural ingredients!"
        }
      ],
      "id": "ce8e"
    },
    {
      "date": "23.03.2023",
      "image": "/images/News6.png",
      "header": "We bake fluffy and soft muffins",
      "text": "Their velvety structure and impressive weight will impress absolutely anyone!",
      "details": [
        {
          "secondHeader": "The NEW flavors is coming soon!",
          "fulltext": "Your NEW flavors is coming very soon. And we have already prepared a collection of macaroons with a signature design💖 The pies delight everyone, because they are not only beautiful, but also delicious! We cook with love using only natural ingredients!"
        }
      ],
      "id": "7755"
    }
  ],
  "banners": [
    {
      "image": "/images/banner1.png",
      "text": "same day delivery",
      "id": "4174"
    },
    {
      "image": "/images/banner2.png",
      "text": "wholesale supplies from the manufacturer",
      "id": "d4eb"
    },
    {
      "image": "/images/banner3.png",
      "text": "always fresh",
      "id": "e964"
    },
    {
      "image": "/images/banner4.png",
      "text": "almond flour and natural ingredients",
      "id": "dc7b"
    }
  ],
  "promotions": [
    {
      "image": "promotions1.png",
      "text": "Free delivery in Odesa.",
      "status": "free delivery",
      "id": "2327"
    },
    {
      "image": "promotions2.png",
      "text": "Chocolate potato cake based on sponge cake!",
      "status": "new",
      "id": "fc7f"
    },
    {
      "image": "promotions3.png",
      "text": "Delicious sweets based on macaroons and cream",
      "status": "new",
      "id": "b9ac"
    },
    {
      "image": "promotions4.png",
      "text": "Caramel on a stick made from natural ingredients",
      "status": "new",
      "id": "ecef"
    }
  ],
  "otherBlockInfo": [
    {
      "image": "Other1.png",
      "header": "The best ingredients",
      "text": "Something about super quality, the best chefs, freshness, etc.",
      "id": "02a4"
    },
    {
      "image": "Other2.png",
      "header": "Package",
      "text": "Something about super boxes and bows and blah blah blah",
      "id": "8cab"
    },
    {
      "image": "Other3.png",
      "header": "Receipt on the day of order",
      "text": "Same day of order delivery by courier or pickup",
      "id": "3565"
    },
    {
      "image": "Other4.png",
      "header": "Anonymous delivery",
      "text": "We can present your order as an anonymous gift",
      "id": "3e8f"
    }
  ],
  "cart": [
    {
      "id": 1,
      "name": "Heart",
      "description": "24 pieces in a heart-shaped box. Assorted 6 flavors",
      "price": 200,
      "discount": 0,
      "image": "/images/Popular1.png",
      "details": [
        {
          "tastes": [
            {
              "apple": "4 pcs",
              "cherry": "10 pcs",
              "coconut": "10 pcs"
            }
          ],
          "description": [
            {
              "header": "Heart",
              "text": "24 pieces in a heart-shaped box. Assorted 6 flavors"
            }
          ],
          "compound": [
            {
              "header": "Calorie content",
              "text": "439.70 kcal (1840 kJ) (21%)"
            }
          ],
          "conditions": [
            {
              "header": "Conditions and shelf life",
              "text": "We recommend storing macarons in the lower part of the refrigerator (temperature 1-7°C). The desired shelf life is seven days. We recommend taking them out of the refrigerator an hour or two before serving to get the full benefit of texture and taste"
            }
          ]
        }
      ]
    }
  ]
}